{
  // VS Code
  "workbench.startupEditor": "newUntitledFile",
  "workbench.editor.labelFormat": "short",
  "workbench.colorTheme": "Dracula",
  "workbench.iconTheme": "material-icon-theme",
  "workbench.editor.enablePreview": false,
  // "editor.fontFamily": "Liga Droid Sans Mono",
  "editor.fontFamily": "Consolas",
  "editor.tabSize": 2,
  "editor.formatOnSave": false,
  "editor.fontLigatures": false,
  "editor.renderLineHighlight": "gutter",
  "editor.rulers": [
    79,
    120,
  ],
  "editor.minimap.enabled": false,
  "editor.fontSize": 20,
  "debug.console.fontSize": 18,
  "toggleFileEventLogging": true,
  "explorer.compactFolders": false,
  "breadcrumbs.enabled": true,
  "git.enableSmartCommit": true,
  "window.zoomLevel": 1,
  "diffEditor.ignoreTrimWhitespace": false,
  // Auto fix on save
  "editor.codeActionsOnSave": {
    "source.fixAll.eslint": true,
    "source.fixAll": true
  },
  // Terminal
  "terminal.integrated.copyOnSelection": true,
  "terminal.integrated.cursorBlinking": true,
  "terminal.integrated.cursorStyle": "line",
  "terminal.integrated.shell.linux": "zsh",
  "terminal.integrated.fontFamily": "'Fira Code'",
  "terminal.integrated.fontSize": 18,
  // Javascript & TypeScript
  "javascript.preferences.quoteStyle": "single",
  "typescript.preferences.quoteStyle": "single",
  "javascript.validate.enable": false,
  "javascript.updateImportsOnFileMove.enabled": "always",
  "typescript.updateImportsOnFileMove.enabled": "always",
  "javascript.suggest.autoImports": true,
  "typescript.suggest.autoImports": true,
  "emmet.syntaxProfiles": {
    "javascript": "jsx"
  },
  "emmet.includeLanguages": {
    "django-html": "html",
    "javascript": "javascriptreact"
  },
  "[javascript]": {
    "editor.defaultFormatter": "vscode.typescript-language-features"
  },
  // Python
  "python.linting.pylintArgs": [
    "--load-plugins=pylint_django",
    "--errors-only",
  ],
  "[python]": {
    "editor.tabSize": 4,
    "editor.insertSpaces": true,
    "editor.formatOnSave": true,
    "editor.formatOnType": true
  },
  "python.pythonPath": "/bin/python3.8",
  "python.linting.flake8Enabled": true,
  "python.linting.mypyEnabled": true,
  "python.testing.unittestEnabled": true,
  // Django
  "files.associations": {
    "*.html": "html",
    "**/templates/*.html": "django-html",
    "**/templates/*": "django-txt",
    "**/requirements{/**,*}.{txt,in}": "pip-requirements"
  },
  // AutoDocstring extension
  "autoDocstring.docstringFormat": "google",
  // BracketPairColorizer extension
  "bracketPairColorizer.showBracketsInGutter": true,
  // Code runner extension
  "code-runner.clearPreviousOutput": true,
  "code-runner.ignoreSelection": true,
  "code-runner.saveFileBeforeRun": true,
  "code-runner.runInTerminal": true,
  "code-runner.executorMap": {
    "python": "python3 -u",
    "TypeScript": "npx ts-node --files"
  },
  // Material icon theme
  "material-icon-theme.hidesExplorerArrows": true,
  // Dracula personalized
  "workbench.colorCustomizations": {
    // Side: #13141f
    // Main: #171724
    "activityBar.activeBackground": "#bd93f910",
    "activityBar.activeBorder": "#ff79c680",
    "activityBar.background": "#171724",
    "activityBar.foreground": "#f8f8f2",
    "activityBar.inactiveForeground": "#6272a4",
    "activityBarBadge.background": "#ff79c6",
    "activityBarBadge.foreground": "#f8f8f2",
    "badge.background": "#44475a",
    "badge.foreground": "#f8f8f2",
    "breadcrumb.activeSelectionForeground": "#f8f8f2",
    "breadcrumb.background": "#171724",
    "breadcrumb.focusForeground": "#f8f8f2",
    "breadcrumb.foreground": "#6272a4",
    "breadcrumbPicker.background": "#191a21",
    "button.background": "#44475a",
    "button.foreground": "#f8f8f2",
    "contrastBorder": "#191a21",
    "debugToolBar.background": "#13141f",
    "diffEditor.insertedTextBackground": "#50fa7b20",
    "diffEditor.removedTextBackground": "#ff555550",
    "dropdown.background": "#171724",
    "dropdown.border": "#191a21",
    "dropdown.foreground": "#f8f8f2",
    "editor.background": "#171724",
    "editor.findMatchBackground": "#ffb86c80",
    "editor.findMatchHighlightBackground": "#ffffff40",
    "editor.findRangeHighlightBackground": "#44475a75",
    "editor.foldBackground": "#13141f",
    "editor.foreground": "#f8f8f2",
    "editor.hoverHighlightBackground": "#8be9fd50",
    "editor.lineHighlightBorder": "#44475a",
    "editor.rangeHighlightBackground": "#bd93f915",
    "editor.selectionBackground": "#44475a",
    "editor.selectionHighlightBackground": "#424450",
    "editor.snippetFinalTabstopHighlightBackground": "#171724",
    "editor.snippetFinalTabstopHighlightBorder": "#50fa7b",
    "editor.snippetTabstopHighlightBackground": "#171724",
    "editor.snippetTabstopHighlightBorder": "#6272a4",
    "editor.wordHighlightBackground": "#8be9fd50",
    "editor.wordHighlightStrongBackground": "#50fa7b50",
    "editorCodeLens.foreground": "#6272a4",
    "editorError.foreground": "#ff5555",
    "editorGroup.border": "#bd93f9",
    "editorGroup.dropBackground": "#44475a70",
    "editorGroupHeader.tabsBackground": "#191a21",
    "editorGutter.addedBackground": "#50fa7b80",
    "editorGutter.deletedBackground": "#ff555580",
    "editorGutter.modifiedBackground": "#8be9fd80",
    "editorHoverWidget.background": "#171724",
    "editorHoverWidget.border": "#6272a4",
    "editorIndentGuide.activeBackground": "#ffffff45",
    "editorIndentGuide.background": "#ffffff1a",
    "editorLineNumber.foreground": "#6272a4",
    "editorLink.activeForeground": "#8be9fd",
    "editorMarkerNavigation.background": "#13141f",
    "editorOverviewRuler.addedForeground": "#50fa7b80",
    "editorOverviewRuler.border": "#191a21",
    "editorOverviewRuler.currentContentForeground": "#50fa7b",
    "editorOverviewRuler.deletedForeground": "#ff555580",
    "editorOverviewRuler.errorForeground": "#ff555580",
    "editorOverviewRuler.incomingContentForeground": "#bd93f9",
    "editorOverviewRuler.infoForeground": "#8be9fd80",
    "editorOverviewRuler.modifiedForeground": "#8be9fd80",
    "editorOverviewRuler.selectionHighlightForeground": "#ffb86c",
    "editorOverviewRuler.warningForeground": "#ffb86c80",
    "editorOverviewRuler.wordHighlightForeground": "#8be9fd",
    "editorOverviewRuler.wordHighlightStrongForeground": "#50fa7b",
    "editorRuler.foreground": "#ffffff1a",
    "editorSuggestWidget.background": "#13141f",
    "editorSuggestWidget.foreground": "#f8f8f2",
    "editorSuggestWidget.selectedBackground": "#44475a",
    "editorWarning.foreground": "#8be9fd",
    "editorWhitespace.foreground": "#ffffff1a",
    "editorWidget.background": "#13141f",
    "errorForeground": "#ff5555",
    "extensionButton.prominentBackground": "#50fa7b90",
    "extensionButton.prominentForeground": "#f8f8f2",
    "extensionButton.prominentHoverBackground": "#50fa7b60",
    "focusBorder": "#6272a4",
    "foreground": "#f8f8f2",
    "gitDecoration.conflictingResourceForeground": "#ffb86c",
    "gitDecoration.deletedResourceForeground": "#ff5555",
    "gitDecoration.ignoredResourceForeground": "#6272a4",
    "gitDecoration.modifiedResourceForeground": "#8be9fd",
    "gitDecoration.untrackedResourceForeground": "#50fa7b",
    "input.background": "#171724",
    "input.border": "#191a21",
    "input.foreground": "#f8f8f2",
    "input.placeholderForeground": "#6272a4",
    "inputOption.activeBorder": "#bd93f9",
    "inputValidation.errorBorder": "#ff5555",
    "inputValidation.infoBorder": "#ff79c6",
    "inputValidation.warningBorder": "#ffb86c",
    "list.activeSelectionBackground": "#44475a",
    "list.activeSelectionForeground": "#f8f8f2",
    "list.dropBackground": "#44475a",
    "list.errorForeground": "#ff5555",
    "list.focusBackground": "#44475a75",
    "list.highlightForeground": "#8be9fd",
    "list.hoverBackground": "#44475a75",
    "list.inactiveSelectionBackground": "#44475a75",
    "list.warningForeground": "#ffb86c",
    "listFilterWidget.background": "#171724",
    "listFilterWidget.noMatchesOutline": "#ff5555",
    "listFilterWidget.outline": "#424450",
    "merge.currentHeaderBackground": "#50fa7b90",
    "merge.incomingHeaderBackground": "#bd93f990",
    "panel.background": "#171724",
    "panel.border": "#bd93f9",
    "panelTitle.activeBorder": "#ff79c6",
    "panelTitle.activeForeground": "#f8f8f2",
    "panelTitle.inactiveForeground": "#6272a4",
    "peekView.border": "#44475a",
    "peekViewEditor.background": "#171724",
    "peekViewEditor.matchHighlightBackground": "#f1fa8c80",
    "peekViewResult.background": "#13141f",
    "peekViewResult.fileForeground": "#f8f8f2",
    "peekViewResult.lineForeground": "#f8f8f2",
    "peekViewResult.matchHighlightBackground": "#f1fa8c80",
    "peekViewResult.selectionBackground": "#44475a",
    "peekViewResult.selectionForeground": "#f8f8f2",
    "peekViewTitle.background": "#191a21",
    "peekViewTitleDescription.foreground": "#6272a4",
    "peekViewTitleLabel.foreground": "#f8f8f2",
    "pickerGroup.border": "#bd93f9",
    "pickerGroup.foreground": "#8be9fd",
    "progressBar.background": "#ff79c6",
    "selection.background": "#bd93f9",
    "settings.checkboxBackground": "#13141f",
    "settings.checkboxBorder": "#191a21",
    "settings.checkboxForeground": "#f8f8f2",
    "settings.dropdownBackground": "#13141f",
    "settings.dropdownBorder": "#191a21",
    "settings.dropdownForeground": "#f8f8f2",
    "settings.headerForeground": "#f8f8f2",
    "settings.modifiedItemIndicator": "#ffb86c",
    "settings.numberInputBackground": "#13141f",
    "settings.numberInputBorder": "#191a21",
    "settings.numberInputForeground": "#f8f8f2",
    "settings.textInputBackground": "#13141f",
    "settings.textInputBorder": "#191a21",
    "settings.textInputForeground": "#f8f8f2",
    "sideBar.background": "#13141f",
    "sideBarSectionHeader.background": "#171724",
    "sideBarSectionHeader.border": "#191a21",
    "sideBarTitle.foreground": "#f8f8f2",
    "statusBar.background": "#191a21",
    "statusBar.debuggingBackground": "#ff5555",
    "statusBar.debuggingForeground": "#191a21",
    "statusBar.foreground": "#f8f8f2",
    "statusBar.noFolderBackground": "#191a21",
    "statusBar.noFolderForeground": "#f8f8f2",
    "statusBarItem.prominentBackground": "#ff5555",
    "statusBarItem.prominentHoverBackground": "#ffb86c",
    "statusBarItem.remoteBackground": "#bd93f9",
    "statusBarItem.remoteForeground": "#f8f8f2",
    "tab.activeBackground": "#171724",
    "tab.activeBorderTop": "#ff79c680",
    "tab.activeForeground": "#f8f8f2",
    "tab.border": "#191a21",
    "tab.inactiveBackground": "#13141f",
    "tab.inactiveForeground": "#6272a4",
    "terminal.ansiBlack": "#13141f",
    "terminal.ansiBlue": "#bd93f9",
    "terminal.ansiBrightBlack": "#6272a4",
    "terminal.ansiBrightBlue": "#d6acff",
    "terminal.ansiBrightCyan": "#a4ffff",
    "terminal.ansiBrightGreen": "#69ff94",
    "terminal.ansiBrightMagenta": "#ff92df",
    "terminal.ansiBrightRed": "#ff6e6e",
    "terminal.ansiBrightWhite": "#ffffff",
    "terminal.ansiBrightYellow": "#ffffa5",
    "terminal.ansiCyan": "#8be9fd",
    "terminal.ansiGreen": "#50fa7b",
    "terminal.ansiMagenta": "#ff79c6",
    "terminal.ansiRed": "#ff5555",
    "terminal.ansiWhite": "#f8f8f2",
    "terminal.ansiYellow": "#f1fa8c",
    "terminal.background": "#171724",
    "terminal.foreground": "#f8f8f2",
    "titleBar.activeBackground": "#13141f",
    "titleBar.activeForeground": "#f8f8f2",
    "titleBar.inactiveBackground": "#191a21",
    "titleBar.inactiveForeground": "#6272a4",
    "walkThrough.embeddedEditorBackground": "#13141f",
  }
}